year,statefip,state,abbrev,ins_public,ins_private,median_hhincome,race_white_wra_esi,race_black_wra_esi,race_asian_wra_esi,race_hispanic_wra_esi,supply_pct_wra_no_maternity_hosp,supply_prim_care_per_10k,supply_obgyn_per_10k,supply_rhc_fqhc_per_100k,male_vasectomy,otc,extended_supply,pharmacy_access
2012,1,Alabama,AL,.34259188,.5207327,41250,.69615859,.24845453,.022811707,.021350155,.18704216,6.2753744,1.0576473,4.2513275,0,0,0,0
2012,2,Alaska,AK,.24533905,.55176234,69000,.69746351,.023289004,.069244243,.07868959,.11834227,8.3942966,.94333303,3.8280182,0,0,0,0
2012,4,Arizona,AZ,.34159985,.47803572,47500,.60040742,.037773572,.046944924,.27107254,.0031364725,6.5250015,.96440625,1.8158915,0,0,0,0
2012,5,Arkansas,AR,.36907211,.46523944,40000,.74307984,.15132867,.020280529,.061142638,.30979526,6.401886,.83753484,4.8827944,0,0,0,0
2012,6,California,CA,.30598879,.51450109,58000,.40426275,.049250111,.1783513,.33023375,.0099851806,7.724999,1.1923842,2.5261931,0,0,0,0
2012,8,Colorado,CO,.26686615,.5882839,56000,.7487945,.029106891,.036210269,.15485764,.053325858,7.9208388,1.2221494,3.0457349,0,0,0,0
2012,9,Connecticut,CT,.31143451,.59570539,66400,.71986657,.089338198,.067545049,.10465255,.046184093,8.4030876,1.8911821,2.3117542,0,0,0,0
2012,10,Delaware,DE,.3566916,.55351806,57100,.6350745,.22923023,.046062432,.065031923,0,6.945868,.9377467,.98136282,0,0,0,0
2012,11,District of Columbia,DC,.35579443,.58891737,67000,.56366217,.27094418,.060037818,.079067871,0,11.386585,3.0047934,6.0095868,0,0,0,0
2012,12,Florida,FL,.34695303,.44993854,44600,.55900407,.16389434,.036668815,.21833736,.13802545,7.0288353,.99650228,1.9671214,0,0,0,0
2012,13,Georgia,GA,.28694394,.52176094,46420,.56879038,.3080796,.04416579,.061718982,.32071504,6.3629384,1.1875066,2.2479963,0,0,0,0
2012,15,Hawaii,HI,.31297129,.62065357,65000,.17954704,.0066734524,.48976398,.086220495,.000037731719,8.3889179,1.47237,3.2320318,0,0,0,0
2012,16,Idaho,ID,.29815233,.5382421,45600,.86179537,.0024685622,.027183225,.074434407,.13111775,6.178998,.82720864,5.7027264,0,0,0,0
2012,17,Illinois,IL,.3072907,.56124067,54400,.67686594,.10781293,.063474178,.13203163,.075676031,7.8973193,1.3071586,3.8057499,0,0,0,0
2012,18,Indiana,IN,.29754743,.55422044,46200,.83833891,.070329197,.021199685,.048905514,.13198598,6.5867829,.93616146,2.0344684,0,0,0,0
2012,19,Iowa,IA,.3117004,.60340458,50200,.8798244,.024540735,.027417259,.051014412,.15739074,7.2734699,.63106138,6.5383162,0,0,0,0
2012,20,Kansas,KS,.27451286,.59600991,50000,.79198587,.044996049,.035040345,.09270411,.089410491,7.3910956,1.0014189,7.3807001,0,0,0,0
2012,21,Kentucky,KY,.33592251,.52297097,41200,.87098986,.066945076,.019316023,.028708817,.35763079,6.446878,.97022772,5.2278152,0,0,0,0
2012,22,Louisiana,LA,.35068306,.47560972,42600,.65412909,.26882172,.021538656,.033007182,.22433138,6.4321356,1.4211543,4.3460374,0,0,0,0
2012,23,Maine,ME,.39371964,.50185901,45000,.93910503,.0020399066,.013078068,.019031573,.025473598,10.698229,1.0457481,9.6299105,0,0,0,0
2012,24,Maryland,MD,.27853656,.61779934,70200,.54462487,.29153797,.072397292,.057895493,.06944333,8.8434772,1.6228902,1.3085084,0,0,0,0
2012,25,Massachusetts,MA,.34227154,.61784428,65000,.76911122,.053340562,.082264118,.071521327,0,10.264599,1.4354188,1.3993076,0,0,0,0
2012,26,Michigan,MI,.34088275,.54038018,46000,.78551358,.11237366,.037812173,.037260666,.1161936,8.0225754,1.209103,3.3692994,0,0,0,0
2012,27,Minnesota,MN,.28141233,.63487649,58300,.86178917,.033138543,.055614345,.029744837,.1307486,8.9865685,1.1117021,2.5282857,0,0,0,0
2012,28,Mississippi,MS,.37560865,.44740641,37400,.61432827,.35437828,.0091052689,.013928491,.24112202,5.2597618,1.0184507,11.558076,0,0,0,0
2012,29,Missouri,MO,.31335351,.54568493,44800,.83355182,.091691978,.026216188,.029652186,.18685272,6.9495325,1.0544691,8.4689636,0,0,0,0
2012,30,Montana,MT,.31892639,.4978376,42000,.92442495,.001173168,.017199481,.023211967,.24547514,7.6606169,.77601051,10.048342,0,0,0,0
2012,31,Nebraska,NE,.26674661,.62261516,50100,.84094739,.037392288,.02650949,.080377609,.19013596,7.1192789,1.1048086,8.1917515,0,0,0,0
2012,32,Nevada,NV,.25630614,.52197933,50000,.52405185,.077424824,.11589341,.24690393,.069834776,5.6289916,.83365625,1.3773451,0,0,0,0
2012,33,New Hampshire,NH,.27327105,.61675924,63000,.90055239,.010851558,.042015158,.028964426,.029048497,9.2601147,1.3401802,2.9529393,0,0,0,0
2012,34,New Jersey,NJ,.27140725,.59906739,69200,.59343809,.12296798,.12196555,.1421771,.04621397,8.5598993,1.440563,.95887119,0,0,0,0
2012,35,New Mexico,NM,.37104717,.43734086,42200,.40697181,.017270451,.015674381,.47678006,.13668086,7.365006,1.0452938,5.4662156,0,0,0,0
2012,36,New York,NY,.34973785,.54007906,56000,.63771766,.12915848,.080244742,.12957181,.03812721,8.2630472,1.6305352,1.0730567,0,0,0,0
2012,37,North Carolina,NC,.32012722,.51499873,45000,.67588222,.2148072,.036203317,.048403583,.12648086,6.9082747,1.1751348,2.502032,0,0,0,0
2012,38,North Dakota,ND,.23536794,.65736365,54000,.9359808,.0018224875,.015148701,.013070833,.35807857,7.8184404,.87189192,10.148251,0,0,0,0
2012,39,Ohio,OH,.32489085,.55652821,46000,.82968909,.097054295,.026567159,.02628563,.12750098,7.4859939,1.1598873,1.6718316,0,0,0,0
2012,40,Oklahoma,OK,.32646391,.48721015,43800,.72486371,.064836167,.027190408,.060348529,.16271387,6.3830009,.79951346,2.8310642,0,0,0,0
2012,41,Oregon,OR,.32527781,.52713746,48500,.77203208,.015266532,.067212395,.10482837,.039220665,9.0476551,1.2412316,4.3853431,0,0,0,0
2012,42,Pennsylvania,PA,.32372519,.57603097,50050,.80589658,.08828865,.042451449,.04823605,.039703086,8.0048351,1.1438836,2.0918968,0,0,0,0
2012,44,Rhode Island,RI,.31248358,.57196188,54000,.80039799,.041702516,.045824885,.076671578,.041462261,9.3783445,1.7518938,3.3324065,0,0,0,0
2012,45,South Carolina,SC,.3381786,.49336785,43000,.66882002,.25357851,.017658273,.041129161,.12895212,6.5753222,1.1770377,5.7158303,0,0,0,0
2012,46,South Dakota,SD,.29788062,.59290051,48000,.91860527,.019336594,.0087579209,.015308562,.34271929,7.6798096,.82797945,12.599688,0,0,0,0
2012,47,Tennessee,TN,.33782464,.51992512,42180,.76866102,.16942376,.018288152,.027816258,.3387439,7.2069778,1.2065841,3.1597323,0,0,0,0
2012,48,Texas,TX,.28425831,.48800841,50000,.49901292,.12697692,.058378659,.29732224,.0699028,5.8535943,1.1051757,2.3523359,0,0,0,0
2012,49,Utah,UT,.21052875,.64778078,57000,.84992909,.0068078022,.034309085,.085260548,.064293131,5.6561742,1.0156597,1.6810919,0,0,0,0
2012,50,Vermont,VT,.39040208,.54416299,52400,.95648545,.0076266895,.011405803,.017882327,.26694945,10.846455,1.693261,8.6260462,0,0,0,0
2012,51,Virginia,VA,.24685718,.62743288,62000,.64618909,.17368835,.074641615,.078451253,.30905217,7.4408736,1.2753689,1.9057236,0,0,0,0
2012,53,Washington,WA,.28810534,.57381314,57400,.71995735,.032843836,.1100475,.082701825,.065150872,8.3093958,1.0033331,3.6392572,0,0,0,1
2012,54,West Virginia,WV,.36068574,.49273989,40000,.94069052,.022104671,.0096896496,.010916569,.28201172,7.6963997,.94318622,12.234473,0,0,0,0
2012,55,Wisconsin,WI,.31185573,.59418052,50100,.85768747,.037043337,.032666188,.053080808,.04701801,8.2337971,1.0425402,1.6589836,0,0,0,0
2012,56,Wyoming,WY,.26603886,.57364005,53000,.85867035,.0050588874,.013532923,.080750696,.12522019,6.696599,.98887599,5.2046108,0,0,0,0
2013,1,Alabama,AL,.3483777,.51059306,42640,.67932016,.25655928,.021407969,.02276464,.24179062,6.376039,1.071638,4.3444781,0,0,0,0
2013,2,Alaska,AK,.24213883,.57511306,72000,.67660409,.028508388,.072712682,.096507281,.68155801,8.4202566,.97941595,4.0808997,0,0,0,0
2013,4,Arizona,AZ,.34162116,.48058301,48000,.596439,.039702043,.046821315,.26185304,.013488949,6.6383729,.99598229,1.8108768,0,0,0,0
2013,5,Arkansas,AR,.38040963,.45796627,40000,.75128192,.14491275,.023982087,.055231672,.25541839,6.4777236,.86504811,5.1024323,0,0,0,0
2013,6,California,CA,.31271222,.51477319,60000,.3963407,.05150976,.17989931,.33242142,.021258686,7.8473835,1.1882861,2.5957072,0,0,0,0
2013,8,Colorado,CO,.27051893,.58999723,58030,.72972864,.032451119,.047208581,.15932754,.055626083,8.1182652,1.2432694,3.3217125,0,0,0,0
2013,9,Connecticut,CT,.31866673,.58841157,66450,.70865303,.092575446,.068154141,.10798577,0,8.5203886,1.8603591,2.5861495,0,0,0,0
2013,10,Delaware,DE,.36107305,.53432196,56200,.64164692,.21761581,.054514214,.076235369,0,7.2265806,.89657134,1.1882271,0,0,0,0
2013,11,District of Columbia,DC,.3629567,.57379621,66000,.54788768,.26598665,.063702837,.093482576,0,11.586374,2.9081955,5.8782673,0,0,0,0
2013,12,Florida,FL,.34984988,.44612932,45200,.5540123,.16533729,.040210251,.21631078,.14463612,7.2081528,1.0126396,2.0610795,0,0,0,0
2013,13,Georgia,GA,.29065698,.51627338,48000,.56278116,.3205846,.046628479,.050946191,.26957667,6.5121007,1.2189548,2.3118107,0,0,0,0
2013,15,Hawaii,HI,.30798173,.62142479,67400,.18276291,.014574492,.45539775,.117539,.000037668473,8.653513,1.3888354,3.632339,0,0,0,0
2013,16,Idaho,ID,.29714552,.53814691,46900,.84868991,.0014155052,.023072163,.099755868,.14588466,6.3332124,.84360129,5.8307734,0,0,0,0
2013,17,Illinois,IL,.31216332,.55930138,55900,.66850644,.10852467,.068741493,.13556971,.080150679,8.0949316,1.3375112,3.9744964,0,0,0,0
2013,18,Indiana,IN,.30129761,.55434781,46900,.8333506,.069621198,.021576749,.056486525,.16569825,6.7129292,.9648599,2.5110707,0,0,0,0
2013,19,Iowa,IA,.31979191,.59164882,51400,.87871152,.023233015,.033255547,.050616674,.16425395,7.4002981,.630983,6.5363369,0,0,0,0
2013,20,Kansas,KS,.27711537,.59660214,50000,.7979086,.044784516,.038444072,.084933825,.092604265,7.5329385,1.0020882,7.2910552,0,0,0,0
2013,21,Kentucky,KY,.3379921,.51286817,43000,.87847954,.069133006,.017898235,.020266291,.4196921,6.6707697,.98741949,5.8926649,0,0,0,0
2013,22,Louisiana,LA,.34293273,.48182216,43800,.64316118,.28259158,.017350612,.037070237,.28395078,6.4490743,1.4182342,4.5616984,0,0,0,0
2013,23,Maine,ME,.39309433,.49590304,47900,.94544142,.0039761732,.018469477,.0083165765,.048367877,10.999004,1.069034,9.937499,0,0,0,0
2013,24,Maryland,MD,.28475443,.61233211,72000,.53567702,.2966772,.069108784,.068948589,.069246925,8.9343328,1.6377643,1.3156089,0,0,0,0
2013,25,Massachusetts,MA,.34248728,.61834466,66000,.7537387,.057842698,.083584361,.079156898,0,10.591942,1.4508076,1.4343721,0,0,0,0
2013,26,Michigan,MI,.34674221,.54038161,48000,.77965665,.10802754,.043805078,.042872652,.1276252,8.050025,1.2227629,3.5571287,0,0,0,0
2013,27,Minnesota,MN,.28511286,.63113618,60000,.84275132,.037271637,.0623095,.036058798,.1506227,9.1137524,1.132762,2.5090492,0,0,0,0
2013,28,Mississippi,MS,.37640792,.44748157,37800,.59121835,.36998221,.01041482,.02126961,.25120908,5.3724132,1.0464003,11.6341,0,0,0,0
2013,29,Missouri,MO,.31010306,.55708301,46600,.82309598,.09895964,.026160073,.026995212,.18577862,7.0563855,1.0969247,8.3882475,0,0,0,0
2013,30,Montana,MT,.32540622,.50687128,47000,.92665797,.0022307141,.0065175644,.026283631,.24715862,7.6243763,.83730233,10.934183,0,0,0,0
2013,31,Nebraska,NE,.27299792,.61983305,51500,.81689215,.037579991,.024104487,.09698049,.22332463,7.38554,1.1292384,8.669982,0,0,0,0
2013,32,Nevada,NV,.26218435,.53016341,50000,.50010073,.072274476,.10448461,.27880716,.051010944,5.7022309,.87809342,1.3977814,0,0,0,0
2013,33,New Hampshire,NH,.27304435,.61766326,63000,.90739751,.0088560795,.031988874,.035251953,.028904742,9.3996115,1.3298485,3.0979426,0,0,0,0
2013,34,New Jersey,NJ,.27587542,.58864182,69800,.58838886,.11449233,.13149695,.1466964,.046355978,8.5658045,1.4675248,.93265355,0,0,0,0
2013,35,New Mexico,NM,.39456582,.41000015,43500,.43175754,.010927631,.020405041,.46607563,.13487197,7.6152587,1.0166466,5.5148282,0,0,0,0
2013,36,New York,NY,.35759619,.53401452,56600,.62588507,.13133545,.086355776,.13233022,.050950814,8.3348913,1.6451982,1.200949,0,0,0,0
2013,37,North Carolina,NC,.32949424,.51542407,45000,.68391585,.19929561,.03575727,.051401015,.093034275,7.0724587,1.1921129,2.5487254,0,0,0,0
2013,38,North Dakota,ND,.23914663,.6580351,54850,.91556174,.020089844,.011594896,.014825369,.38748428,7.9210057,.87089592,9.2619085,0,0,0,0
2013,39,Ohio,OH,.32732683,.55971819,48000,.83399773,.089309894,.02607071,.029964402,.14885293,7.7133765,1.1805571,1.8494819,0,0,0,0
2013,40,Oklahoma,OK,.3308678,.48924887,45000,.70179546,.073966533,.027483286,.072631009,.16848321,6.399056,.78170288,3.0385127,0,0,0,0
2013,41,Oregon,OR,.32702231,.52307582,50000,.77709448,.014699291,.062050529,.098733917,.040439241,9.3179121,1.2595211,4.5546322,0,0,0,0
2013,42,Pennsylvania,PA,.32581368,.57464331,51600,.81053555,.086570285,.039007742,.048026055,.037933964,8.2042923,1.1703643,2.1215298,0,0,0,0
2013,44,Rhode Island,RI,.31800333,.56330079,56000,.79659504,.04786931,.03812607,.083201416,.041607846,9.5291443,1.8069235,3.3285434,0,0,0,0
2013,45,South Carolina,SC,.34377933,.49657318,44000,.67982566,.25717077,.019149849,.027756346,.14035793,6.6850424,1.1916633,5.4870958,0,0,0,0
2013,46,South Dakota,SD,.30790755,.56605989,47000,.89770275,.016673725,.0161444,.023300868,.40163594,7.6342473,.81668693,12.664565,0,0,0,0
2013,47,Tennessee,TN,.34635538,.51225418,43900,.76117015,.17438869,.021739252,.024019908,.31655687,7.2644949,1.2038218,3.2635579,0,0,0,0
2013,48,Texas,TX,.28363386,.4922086,51000,.49414274,.12459767,.060734902,.29850331,.068760209,5.9531479,1.1093385,2.3857963,0,0,0,0
2013,49,Utah,UT,.21383743,.65020585,59504,.83089226,.0075077484,.038401004,.095516726,.055710107,5.7431006,1.0307245,1.5857301,0,0,0,0
2013,50,Vermont,VT,.40698019,.52268481,51500,.93475938,.007456922,.020647652,.016800357,.20108308,11.346409,1.7235051,8.457942,0,0,0,0
2013,51,Virginia,VA,.25692105,.61921531,62200,.64812309,.16861778,.082229085,.069239967,.3205497,7.5250549,1.2590182,1.949057,0,0,0,0
2013,53,Washington,WA,.29323381,.56571144,58000,.71847856,.029568836,.10898554,.083153516,.050190747,8.4330187,1.0198803,3.6577988,0,0,0,1
2013,54,West Virginia,WV,.38849401,.47251314,40800,.94026881,.028033495,.0077124112,.0099578649,.30897295,7.7818956,.90060747,13.697862,0,0,0,0
2013,55,Wisconsin,WI,.32150328,.58583111,50200,.85472864,.037576176,.03207799,.050965179,.052087195,8.1947327,1.0552504,1.8284041,0,0,0,0
2013,56,Wyoming,WY,.25968751,.61284149,59400,.84297985,.017788986,.0089558344,.090894222,.29040921,6.6591377,.97827542,5.148818,0,0,0,0
2014,1,Alabama,AL,.35462719,.52107954,42500,.68483144,.25975403,.015126729,.023809653,.23459461,6.4441266,1.0578679,4.8253622,0,0,0,0
2014,2,Alaska,AK,.26193243,.56273925,72500,.714266,.0019585441,.091750264,.051010031,.15426132,8.6462917,1.0315827,4.3435063,0,0,0,0
2014,4,Arizona,AZ,.36378559,.49472746,50000,.57279944,.042469967,.045841362,.28698781,.01151529,6.5943856,.98938066,1.7975234,0,0,0,0
2014,5,Arkansas,AR,.40626401,.47358674,41000,.73334503,.15451927,.025628792,.056525506,.30578732,6.5332398,.85289454,5.596067,0,0,0,0
2014,6,California,CA,.34381866,.52960855,61000,.38134402,.049758583,.18443355,.34422475,.0070500709,7.808002,1.1749243,2.7163198,0,0,0,0
2014,8,Colorado,CO,.30180553,.59237945,60200,.71765721,.032242358,.041774809,.1741686,.055791736,8.0771255,1.2304265,3.3421299,0,0,0,0
2014,9,Connecticut,CT,.34036112,.59049922,69900,.69636548,.095341735,.069554217,.11159555,.046322633,8.4744892,1.8906341,2.7525408,0,0,0,0
2014,10,Delaware,DE,.34958112,.57186615,59200,.60909986,.21408112,.064329416,.092693344,0,7.2358899,.88711798,1.1756985,0,0,0,0
2014,11,District of Columbia,DC,.36621425,.57658678,72200,.55895948,.25062397,.062703297,.08091329,0,11.337197,2.9139783,6.222558,0,0,0,0
2014,12,Florida,FL,.36217144,.46811295,47000,.53265196,.17509003,.036385249,.23128542,.11995991,7.2526941,1.0214496,2.2168272,0,0,0,0
2014,13,Georgia,GA,.3051382,.53132778,48800,.55570799,.31109497,.048292551,.066146441,.26595798,6.5551896,1.2161615,2.4560916,0,0,0,0
2014,15,Hawaii,HI,.32156771,.62965453,70000,.17116559,.015156989,.45111972,.10773907,.000037353573,8.6435175,1.338442,3.7335486,0,0,0,0
2014,16,Idaho,ID,.3002134,.5616343,47600,.84705693,.0075089051,.019176418,.097470835,.24527396,6.4118881,.85043168,6.3017602,0,0,0,0
2014,17,Illinois,IL,.32569823,.57384491,58000,.65739322,.10316627,.070344508,.15022676,.088783175,8.036129,1.3322382,4.0293217,0,0,0,0
2014,18,Indiana,IN,.31070244,.56509215,49000,.82012582,.076953165,.029464189,.057902019,.14130819,6.7153211,.9671275,2.8195255,0,0,0,0
2014,19,Iowa,IA,.33390182,.60705745,53200,.87618101,.022371633,.036291022,.055889502,.15311664,7.4119945,.66299212,6.7586575,0,0,0,0
2014,20,Kansas,KS,.28933606,.60145158,51200,.78841752,.047335699,.042477366,.086812936,.08842095,7.5033894,.96762383,7.3346577,0,0,0,0
2014,21,Kentucky,KY,.39068717,.51757634,43000,.8834973,.05808945,.018818617,.018669164,.38392761,6.6886344,.96296394,6.4575229,0,0,0,0
2014,22,Louisiana,LA,.34797028,.49896789,44700,.6394679,.28563333,.023222288,.035323985,.2336165,6.482172,1.4259058,5.0541158,0,0,0,0
2014,23,Maine,ME,.38794622,.51410544,48700,.94125861,.0030356748,.018250979,.015739715,.024966642,11.051892,1.0976709,10.224879,0,0,0,0
2014,24,Maryland,MD,.30848718,.60983145,73000,.53085011,.28656232,.081757292,.069543764,.068947412,8.8799171,1.6130093,1.2716671,0,0,0,0
2014,25,Massachusetts,MA,.35923505,.60613132,68400,.75804603,.057636026,.084528312,.076581351,0,10.521232,1.4528402,1.5566145,0,0,0,0
2014,26,Michigan,MI,.36065835,.55232358,49550,.77616793,.1132431,.039198384,.04872334,.12740269,8.0394535,1.2391678,3.8143764,0,0,0,0
2014,27,Minnesota,MN,.30846906,.63078064,61000,.82056987,.049273331,.066871047,.04064301,.13321434,9.0541382,1.1196274,2.5837553,0,0,0,0
2014,28,Mississippi,MS,.38027787,.46724418,39000,.58050394,.3831329,.0081470273,.016548952,.26310083,5.2737417,1.0487366,12.324324,0,0,0,0
2014,29,Missouri,MO,.30942154,.57221407,48120,.80901271,.1020122,.026674107,.033925023,.18037713,7.058526,1.068674,8.7571898,0,0,0,0
2014,30,Montana,MT,.32727519,.53464168,46000,.88338941,.0035277812,.0032273384,.039299872,.23532136,7.6203203,.82064992,10.844302,0,0,0,0
2014,31,Nebraska,NE,.27564347,.63069791,53600,.83267516,.037468817,.035106353,.068454087,.20759733,7.4993238,1.1373886,8.5038395,0,0,0,0
2014,32,Nevada,NV,.30688855,.53734338,50800,.47879675,.075282201,.11165111,.28834584,.049744811,5.7166023,.85590535,1.514565,0,0,0,0
2014,33,New Hampshire,NH,.27184087,.63444132,67000,.91719466,.0072586061,.033583462,.026009519,.088595174,9.4210711,1.3038763,3.1654799,0,0,0,0
2014,34,New Jersey,NJ,.29151487,.59659559,71400,.57707357,.11672599,.13128799,.15300111,.046374865,8.536418,1.4756927,1.0292929,0,0,0,0
2014,35,New Mexico,NM,.42523825,.42276412,45000,.39347351,.020653442,.023460045,.48899993,.21564968,7.5998335,1.0500716,5.8976626,0,0,0,0
2014,36,New York,NY,.37140882,.54170787,58600,.60748267,.13601768,.087695219,.14278136,.048196863,8.3428593,1.6362619,1.3724141,0,0,0,0
2014,37,North Carolina,NC,.33638215,.53220528,46000,.67044479,.21159227,.037290521,.055830453,.095484175,7.0907335,1.1786045,2.6347642,0,0,0,0
2014,38,North Dakota,ND,.2529203,.66696823,58940,.9071371,.0047125067,.016850781,.030294685,.25684452,7.8162823,.89251667,9.0603962,0,0,0,0
2014,39,Ohio,OH,.3517364,.56109172,48800,.82938349,.087756403,.026987404,.033743724,.1276553,7.6926641,1.150579,2.1131322,0,0,0,0
2014,40,Oklahoma,OK,.33169445,.5124293,48000,.68536443,.070576526,.024301084,.084455319,.19532998,6.4155936,.76584864,3.300627,0,0,0,0
2014,41,Oregon,OR,.38615686,.51309836,50400,.77849263,.010182032,.055772565,.11181204,.039017767,9.3646755,1.2518138,5.0878549,0,0,0,0
2014,42,Pennsylvania,PA,.33009204,.58032095,52700,.80029666,.090239488,.040964033,.051201612,.042458698,8.1401653,1.1550605,2.1975086,0,0,0,0
2014,44,Rhode Island,RI,.37227261,.5578621,55000,.78423226,.043335747,.047662813,.10082393,.041187752,9.619276,1.7911755,3.4117627,0,0,0,0
2014,45,South Carolina,SC,.36213151,.49936017,45000,.6753844,.25699553,.017923199,.033309538,.12769631,6.7191143,1.1712408,5.442338,0,0,0,0
2014,46,South Dakota,SD,.29743958,.59903067,51000,.88314772,.029134395,.011806028,.026464587,.35413817,7.513113,.80874383,12.658599,0,0,0,0
2014,47,Tennessee,TN,.35769907,.52004868,44000,.76966196,.15798721,.021479307,.030795002,.36552733,7.2465186,1.2031724,3.5270665,0,0,0,0
2014,48,Texas,TX,.28587365,.51842213,52800,.48168018,.12883419,.062482625,.30696678,.072264336,5.9821291,1.1088046,2.4743147,0,0,0,0
2014,49,Utah,UT,.2110699,.66333777,60000,.83525693,.0060315025,.032800425,.097851455,.065010607,5.7460289,1.0194019,1.7329834,0,0,0,0
2014,50,Vermont,VT,.41498846,.53827393,54000,.91488004,.013696489,.017490018,.033104584,.18809116,11.188039,1.6279315,9.0972643,0,0,0,0
2014,51,Virginia,VA,.2604835,.63049448,64300,.6329149,.17158502,.081974804,.080559477,.30733928,7.5916176,1.2694731,2.0056953,0,0,0,0
2014,53,Washington,WA,.32741842,.57980067,60030,.70388806,.030933322,.11264448,.089852959,.052476145,8.3862848,1.0026156,3.9651463,0,0,0,1
2014,54,West Virginia,WV,.43895942,.46722955,40700,.93308192,.036071409,.008944137,.0088510225,.30067024,7.7391768,.88633031,14.42989,0,0,0,0
2014,55,Wisconsin,WI,.32302603,.60002422,52200,.84765601,.043090239,.037016705,.048841096,.064992875,8.0641747,1.0351601,1.9452671,0,0,0,0
2014,56,Wyoming,WY,.26189029,.61360466,56400,.84978998,.0020304285,.019553306,.098294996,.13073334,6.8475213,.97577178,5.306829,0,0,0,0
2015,1,Alabama,AL,.36641791,.52621776,44700,.6741581,.26608941,.014931901,.026578002,.18124864,6.5157723,1.0598935,4.9393091,0,0,0,0
2015,2,Alaska,AK,.29590133,.55856055,70600,.63148278,.032921445,.080140568,.099652387,.12228865,8.8430624,1.0292078,4.604351,0,0,0,0
2015,4,Arizona,AZ,.38271412,.50123203,51000,.56004012,.044594228,.050959148,.28846607,.013203473,6.5845885,.96513432,1.9331977,0,0,0,0
2015,5,Arkansas,AR,.42264095,.47872946,42000,.74160939,.14233425,.022689225,.064326234,.25710717,6.5710745,.80921251,6.0103335,0,0,0,0
2015,6,California,CA,.38065735,.53211498,64600,.37855852,.05244286,.18508904,.34377229,.0052550449,7.8046088,1.1720581,2.8688345,0,0,0,0
2015,8,Colorado,CO,.32482636,.59356862,63500,.72673875,.024434939,.043206036,.17178346,.041718554,8.0453415,1.1985543,3.3170998,0,0,0,0
2015,9,Connecticut,CT,.34192899,.5978775,71700,.70303851,.088140123,.069585055,.11992956,.047159318,8.4770164,1.9159617,2.9519176,0,0,0,0
2015,10,Delaware,DE,.37152699,.56636721,61200,.62435967,.20353362,.061568741,.08682172,0,7.1252327,.93029743,1.2685875,0,0,0,0
2015,11,District of Columbia,DC,.34893817,.61385125,75000,.5561235,.23900366,.074813798,.0927663,0,11.484199,2.9156773,6.24788,0,0,0,0
2015,12,Florida,FL,.371261,.49040386,49000,.52557993,.16981144,.04027633,.23941107,.11609701,7.2654543,1.0132565,2.318552,0,0,0,0
2015,13,Georgia,GA,.30584079,.54948831,50601,.53696299,.32667571,.049478367,.06377656,.26946285,6.5815878,1.2002122,2.6529977,0,0,0,0
2015,15,Hawaii,HI,.32909474,.63232195,73000,.18164012,.010596684,.43360895,.11364569,.00003355855,8.7244854,1.264317,3.7021437,0,0,0,0
2015,16,Idaho,ID,.31876695,.56465226,49000,.81447172,.012835803,.022714525,.12655002,.20340332,6.429275,.79761684,6.5863814,0,0,0,0
2015,17,Illinois,IL,.34312057,.58436012,59000,.65078568,.11606169,.071447909,.14341235,.085547447,8.0660992,1.3273722,4.1213078,0,0,0,0
2015,18,Indiana,IN,.32363197,.57426852,50000,.81714052,.078176126,.025970478,.056818154,.15405281,6.6453362,.9547289,3.1874652,0,0,0,0
2015,19,Iowa,IA,.34081286,.60900271,54600,.87567538,.024451543,.029807094,.051281668,.15954207,7.3369851,.64022559,7.138515,0,0,0,0
2015,20,Kansas,KS,.2844815,.6207599,54000,.79510528,.043741502,.032356612,.098867893,.086738721,7.5764837,.93074661,7.5558767,0,0,0,0
2015,21,Kentucky,KY,.41984528,.51487786,45000,.86885619,.068999201,.018987145,.024786541,.36489043,6.6371503,.9491328,6.8021183,0,0,0,1
2015,22,Louisiana,LA,.36313194,.50813431,45000,.62411284,.29276332,.022749381,.036636759,.23493207,6.5493059,1.4344671,5.2454395,0,0,0,0
2015,23,Maine,ME,.37828436,.53590763,50400,.93908191,.0039952262,.019364839,.021613518,.02510426,11.1184,1.1058218,10.305959,0,0,0,0
2015,24,Maryland,MD,.31204993,.61879599,76000,.51590514,.2884798,.082600623,.075416021,.029529454,8.7972813,1.6132789,1.3485613,0,0,0,0
2015,25,Massachusetts,MA,.36880577,.60221827,70000,.75472766,.05749052,.085809402,.078010283,0,10.486544,1.4497186,1.663129,0,0,0,0
2015,26,Michigan,MI,.38622329,.5508014,50300,.76683223,.11203553,.045644712,.049237669,.12108801,7.9737358,1.2113789,4.1319914,0,0,0,0
2015,27,Minnesota,MN,.32831591,.62574279,63000,.83584487,.034668893,.068488471,.031648781,.1245713,9.0024872,1.122123,2.5867124,0,0,0,0
2015,28,Mississippi,MS,.3981472,.46830916,40000,.58425975,.37410834,.011817179,.019672917,.31446087,5.3102379,1.0393229,12.699121,0,0,0,0
2015,29,Missouri,MO,.31709304,.58316636,50000,.80725598,.10662724,.027394645,.035554148,.19257545,7.0533061,1.05364,8.8926554,0,0,0,0
2015,30,Montana,MT,.33433402,.54791182,50000,.92353481,.00097474188,.013807266,.029374745,.2367565,7.648006,.82288671,11.036363,0,0,0,0
2015,31,Nebraska,NE,.27955428,.64148688,55000,.83885485,.034304615,.02521826,.085146807,.22588366,7.4676061,1.1180314,9.0708208,0,0,0,0
2015,32,Nevada,NV,.33716545,.53811258,52000,.47337741,.078558765,.11070462,.28320721,.045698602,5.6696224,.82328868,1.6258222,0,0,0,0
2015,33,New Hampshire,NH,.29949015,.63173676,69800,.90168142,.0070917928,.041527022,.035298828,.028802983,9.1086178,1.3151883,3.2316053,0,0,0,0
2015,34,New Jersey,NJ,.31320941,.59704638,72500,.56516176,.12301018,.13209157,.15757132,.092716284,8.4438372,1.4612615,1.0493399,0,0,0,0
2015,35,New Mexico,NM,.47151059,.41665688,45000,.38331792,.015252864,.024516838,.50403309,.18797393,7.5487661,1.0551007,6.0908089,0,0,0,0
2015,36,New York,NY,.38741079,.54118776,60400,.60692424,.13060091,.094777003,.14394295,.032291953,8.3184347,1.6291342,1.4346484,0,0,0,0
2015,37,North Carolina,NC,.34070811,.54573125,48000,.65567094,.22068588,.040048879,.056006961,.087473556,7.0567956,1.1749709,2.6088336,0,0,0,0
2015,38,North Dakota,ND,.25336096,.664478,60000,.89013493,.0085438332,.017469177,.034436367,.25574675,7.5040259,.77946752,9.2479191,0,0,0,0
2015,39,Ohio,OH,.37152603,.56040865,50500,.82352549,.091094248,.032486599,.030881608,.13325956,7.6523519,1.1598648,2.3421173,0,0,0,0
2015,40,Oklahoma,OK,.3376911,.51627702,49000,.68831819,.080052003,.028475601,.076106876,.20127627,6.2996345,.76955765,3.553771,0,0,0,0
2015,41,Oregon,OR,.40284964,.52569026,54950,.76408428,.011257352,.064164937,.11173201,.03889592,9.3472862,1.2732761,5.311522,0,0,0,0
2015,42,Pennsylvania,PA,.34995252,.58303452,55000,.78693634,.092718557,.044207059,.055424549,.038652863,8.1195059,1.1841434,2.2339382,0,0,0,0
2015,44,Rhode Island,RI,.37798804,.57001907,58000,.76186091,.048364505,.054044433,.10554296,.04129605,9.5806293,1.7798008,3.4081292,0,0,0,0
2015,45,South Carolina,SC,.36367482,.52474844,46600,.65491408,.26995441,.018186722,.037101205,.1777318,6.7420373,1.1478416,5.2286024,0,0,0,0
2015,46,South Dakota,SD,.29861298,.58590931,52000,.89519131,.012673981,.012455652,.026887178,.49076715,7.7346997,.86199969,12.929996,0,0,0,0
2015,47,Tennessee,TN,.36118743,.53336734,47400,.75110263,.17260407,.023841318,.032259151,.35314882,7.2360358,1.2090361,3.7574055,0,0,0,0
2015,48,Texas,TX,.2901355,.53444088,55000,.46409735,.13161154,.064592212,.31859666,.068605207,5.987452,1.0979605,2.4718671,0,0,0,0
2015,49,Utah,UT,.21428517,.67679,63500,.82193911,.0077716373,.037345942,.10730918,.077398427,5.7411432,.99802428,1.9693457,0,0,0,0
2015,50,Vermont,VT,.41610149,.54224795,58000,.93070883,.014310451,.012535955,.02507191,.23297116,11.245252,1.645257,8.9450865,0,0,0,0
2015,51,Virginia,VA,.27220398,.6332379,66000,.62195134,.17349355,.08407025,.08391127,.26741797,7.5963321,1.2596933,1.9682708,0,0,0,0
2015,53,Washington,WA,.35674879,.57711804,64000,.70095235,.031296805,.11743174,.090037346,.050658725,8.317584,.98739934,4.0723252,0,0,0,1
2015,54,West Virginia,WV,.45842424,.48195082,42400,.91694349,.028467361,.014688332,.015866291,.29140428,7.8573723,.90557706,15.779816,0,0,0,0
2015,55,Wisconsin,WI,.327084,.61287999,55500,.83429462,.051179234,.035884697,.056777857,.055693958,8.0206718,.99110484,2.0965679,0,0,0,0
2015,56,Wyoming,WY,.27421272,.62063414,60200,.83274359,.00419039,.014100995,.0951152,.12387277,6.6711369,.98958039,5.8009887,0,0,0,0
2016,1,Alabama,AL,.36814693,.53472662,45900,.66947734,.26759779,.015912624,.027083652,.22512689,6.5387702,1.0507269,5.078856,0,0,0,0
2016,2,Alaska,AK,.30701959,.54921055,76400,.66793364,.041683502,.081611782,.071370848,.26265004,8.9905024,1.0109261,4.7176552,0,0,0,0
2016,4,Arizona,AZ,.39696983,.49737638,53000,.55517995,.046141163,.049255308,.2924386,.013483487,6.512702,.95944768,2.077601,0,0,0,0
2016,5,Arkansas,AR,.43312269,.48145536,44000,.72539246,.16435735,.022275455,.062944137,.27999091,6.6493812,.81653196,6.391705,0,0,0,0
2016,6,California,CA,.39000893,.53450149,67000,.37270904,.050155189,.1848975,.34937707,.01428581,7.8473849,1.1661141,3.1133745,0,0,0,1
2016,8,Colorado,CO,.32884023,.59143406,65000,.72326541,.031990573,.043314707,.17120968,.037062362,8.1038961,1.214682,3.6097531,0,0,0,0
2016,9,Connecticut,CT,.35259414,.59913373,73500,.6930837,.091387294,.070646591,.12285006,0,8.4720831,1.8817532,3.243438,0,0,0,0
2016,10,Delaware,DE,.36275148,.57483995,63100,.61361998,.21033737,.064295039,.070573382,0,7.1423693,.96632057,1.4704878,0,0,0,0
2016,11,District of Columbia,DC,.36685848,.59250259,75000,.56039697,.25144991,.076419391,.085488513,0,11.77386,2.9801664,6.1658616,0,0,0,0
2016,12,Florida,FL,.37553126,.49457496,50000,.52079087,.17855668,.040632091,.23577502,.096531421,7.2116647,1.0090994,2.4936399,0,0,0,0
2016,13,Georgia,GA,.31255123,.55311084,53000,.52369934,.33417124,.051459994,.064964093,.36855361,6.5739632,1.179395,2.8708956,0,0,0,0
2016,15,Hawaii,HI,.33360657,.63050407,73800,.18024126,.0098296795,.47976378,.09868519,.000026196625,8.8270893,1.3370135,3.8500388,0,0,0,0
2016,16,Idaho,ID,.32175338,.57168984,50400,.85136294,.0066191233,.019550977,.091616482,.20184916,6.4641089,.74265957,7.0701189,0,0,0,0
2016,17,Illinois,IL,.34688172,.5868215,60000,.63649249,.11462362,.069790907,.15955997,.0861983,8.1068382,1.3232784,4.2963586,0,0,0,0
2016,18,Indiana,IN,.33564213,.58117807,52000,.81742013,.079842538,.025357606,.05912187,.18009622,6.6877198,.94225085,3.3921032,0,0,0,0
2016,19,Iowa,IA,.35605177,.60242134,56000,.86638153,.025658537,.035779472,.054785702,.16055991,7.1904969,.64121109,7.4329448,0,0,0,0
2016,20,Kansas,KS,.29335749,.62072879,55000,.76912141,.038424317,.039405819,.11470109,.091388337,7.6153421,.92870027,7.8767538,0,0,0,0
2016,21,Kentucky,KY,.43279788,.51199466,45500,.86002851,.071524993,.020981323,.026187556,.38572937,6.5765543,.96011382,8.0460243,0,0,0,1
2016,22,Louisiana,LA,.39484704,.49500796,45000,.63799214,.29154494,.020138901,.029341739,.25911683,6.6536145,1.4311144,5.660378,0,0,0,0
2016,23,Maine,ME,.37081698,.55022496,52000,.93293685,.0047867713,.028734442,.01768964,.07837382,11.228115,1.0739937,11.265668,0,0,0,0
2016,24,Maryland,MD,.31889036,.6179775,78000,.49614832,.30994561,.077980131,.07720644,.073729783,8.7742815,1.5873156,1.4294151,0,0,0,0
2016,25,Massachusetts,MA,.372852,.60178584,74600,.74700755,.053649895,.089542679,.077737167,0,10.389357,1.4489607,1.7322935,0,0,0,0
2016,26,Michigan,MI,.38844678,.55573761,52600,.76735979,.11385769,.042439196,.046782952,.11875816,7.9298573,1.2106806,4.3914871,0,0,0,0
2016,27,Minnesota,MN,.3318353,.62469798,65000,.81251913,.044769898,.068799034,.040998723,.11083826,8.9149323,1.137691,2.5724862,0,0,0,0
2016,28,Mississippi,MS,.39302799,.48131546,41800,.57194054,.38002804,.016682938,.022905055,.27555215,5.2764959,1.0372312,12.680988,0,0,0,0
2016,29,Missouri,MO,.31794435,.5892846,51600,.80071992,.11054526,.028716974,.03769765,.19306177,7.0589199,1.1012638,9.0103397,0,0,0,0
2016,30,Montana,MT,.38704199,.52939034,50000,.89164925,.0035811167,.026297301,.03464023,.25017288,7.4147258,.83451635,11.030964,0,0,0,0
2016,31,Nebraska,NE,.28023413,.63251215,56000,.82402033,.032815006,.029854316,.084775537,.20956479,7.5559115,1.1011391,9.3858995,0,0,0,0
2016,32,Nevada,NV,.34454015,.54236072,55000,.4584851,.084103428,.11480191,.29647118,.045281164,5.6767588,.82991558,1.7346597,0,0,0,0
2016,33,New Hampshire,NH,.31403121,.62207526,70000,.90953714,.0057287551,.033510525,.030996336,.02877414,9.0800457,1.303571,3.2963862,0,0,0,0
2016,34,New Jersey,NJ,.31703591,.60403097,75500,.5609194,.12030724,.13494954,.16384946,.054850075,8.3906603,1.4109278,1.2186302,0,0,0,0
2016,35,New Mexico,NM,.48011908,.42693493,46000,.36489454,.026095657,.031970654,.48958674,.1901599,7.4434829,.98509622,6.4391656,0,0,0,0
2016,36,New York,NY,.39688125,.54176468,62000,.59764928,.13102773,.096901573,.14722089,.050162684,8.3361654,1.6135495,1.9700902,0,0,0,0
2016,37,North Carolina,NC,.34917217,.54584014,50000,.65521091,.20595354,.040419742,.065735444,.085520364,7.0376949,1.159973,2.6905067,0,0,0,0
2016,38,North Dakota,ND,.26467603,.65452737,60000,.89802605,.010508531,.019214127,.015618561,.25488719,7.5994258,.76521999,9.2354136,0,0,0,0
2016,39,Ohio,OH,.37964898,.56128913,52000,.81850797,.095692709,.028883114,.033040099,.11802503,7.6663632,1.1468549,2.6863267,0,0,0,0
2016,40,Oklahoma,OK,.34768593,.51055276,48700,.68672097,.067635067,.037447844,.075872101,.21250704,6.2927527,.77225763,4.1289024,0,0,0,0
2016,41,Oregon,OR,.4005543,.53470522,56200,.75690144,.013611778,.070462339,.11480568,.042757425,9.2440023,1.2434454,5.5209951,0,0,1,1
2016,42,Pennsylvania,PA,.36711425,.57042736,56000,.77908158,.09696953,.048191004,.057394821,.03125817,8.1013889,1.1584588,2.4326851,0,0,0,0
2016,44,Rhode Island,RI,.37387189,.58376735,60000,.72889286,.057102244,.063733421,.12786002,.6783945,9.64573,1.6943922,4.0703278,0,0,0,0
2016,45,South Carolina,SC,.37278968,.52524722,48800,.64257389,.27681589,.021659495,.039419498,.13270615,6.714211,1.1086209,5.341537,0,0,0,0
2016,46,South Dakota,SD,.30568928,.60813284,55000,.89844179,.012849606,.019042756,.024687506,.33697084,7.5798368,.85504258,13.172277,0,0,0,0
2016,47,Tennessee,TN,.37278929,.53340393,48000,.74490231,.17512238,.027802661,.035443861,.33923572,7.2197561,1.2118125,3.9391425,0,0,0,0
2016,48,Texas,TX,.29244447,.53601581,56000,.45467076,.13168286,.066586562,.32518244,.071534388,6.0349727,1.0892739,2.5841095,0,0,0,0
2016,49,Utah,UT,.22067425,.6915313,65050,.80275387,.0095344838,.034918021,.12027919,.034828641,5.6502047,1.0061558,1.9992023,0,0,0,0
2016,50,Vermont,VT,.42809728,.53648132,57700,.92699629,.0066069905,.020005684,.020218812,.29145029,11.319353,1.5850296,9.6062403,1,0,1,0
2016,51,Virginia,VA,.2750133,.63553387,67400,.62500292,.1801132,.083070226,.074854359,.31395003,7.635695,1.256567,1.9615284,0,0,0,0
2016,53,Washington,WA,.36105803,.57869208,66000,.68516505,.029011548,.12995341,.097051792,.050365534,8.2135019,.97694838,4.2672887,0,0,0,1
2016,54,West Virginia,WV,.48569715,.46023595,43000,.92305952,.03467679,.016029939,.010074576,.34882095,7.8805003,.91201907,17.858099,0,0,0,0
2016,55,Wisconsin,WI,.33237147,.61323231,56350,.83073622,.047334664,.035100557,.062467393,.055315632,7.9844837,.98811013,2.1804183,0,0,0,0
2016,56,Wyoming,WY,.28125316,.60689563,59000,.84315473,.0067115962,.020399354,.099991642,.20137651,6.7805181,1.007684,5.9777865,0,0,0,0
2017,1,Alabama,AL,.37943855,.52062291,47300,.66018456,.27114961,.018092936,.027366756,.36531013,6.4823875,1.0072317,5.2925825,0,0,0,0
2017,2,Alaska,AK,.3432194,.51850986,74100,.69258088,.0063603958,.057442326,.087733708,.28451723,9.0971146,1.0273116,5.2717309,0,0,0,0
2017,4,Arizona,AZ,.38896835,.50426894,56000,.54836845,.043374199,.055897135,.29615721,.013008225,6.6459813,.97345173,2.3231716,0,0,0,0
2017,5,Arkansas,AR,.44002104,.4740555,45400,.728953,.15225907,.027795618,.067193411,.28220773,6.6571712,.8188321,7.0898876,0,0,0,0
2017,6,California,CA,.38394845,.54181099,71000,.36448067,.051751599,.18538579,.35523015,.018004643,7.9275804,1.1677772,3.2653244,0,0,1,1
2017,8,Colorado,CO,.33337232,.58863944,68600,.70470333,.035434436,.045063913,.17827457,.036757797,8.2002382,1.2002524,3.7452154,0,0,0,1
2017,9,Connecticut,CT,.3544662,.58876884,73600,.67323726,.10293721,.067838416,.12266528,.047372088,8.3189716,1.8533052,3.3721793,0,0,0,0
2017,10,Delaware,DE,.35838863,.58191007,63600,.58757168,.24009077,.052453063,.084423356,0,7.1834078,.97719294,1.5593505,0,0,0,0
2017,11,District of Columbia,DC,.36467609,.59816247,83200,.54741967,.27212906,.070791394,.081977278,0,11.74399,3.0116489,6.0521173,0,0,1,0
2017,12,Florida,FL,.37274751,.49369103,52000,.51065868,.17318246,.040508624,.2494829,.15659922,7.251101,1.0212349,2.5781057,0,0,0,0
2017,13,Georgia,GA,.30543372,.55512184,55000,.52846992,.33277595,.049806308,.064499848,.36527911,6.5449724,1.1755254,2.9819608,0,0,0,0
2017,15,Hawaii,HI,.34074959,.6215421,75700,.16904275,.0093655698,.49306256,.094586469,.113555,8.7563343,1.3940084,4.0629392,0,0,1,1
2017,16,Idaho,ID,.33194754,.55815309,51000,.82609957,.0034470744,.022609219,.11469309,.19400744,6.5931134,.75133538,7.1056523,0,0,0,0
2017,17,Illinois,IL,.34733409,.58299744,62000,.6362502,.10869498,.072170705,.15902843,.087153494,7.999517,1.2943267,4.6008353,1,0,1,0
2017,18,Indiana,IN,.34072101,.57328266,53100,.79890525,.085686512,.035789479,.061130714,.16782287,6.61935,.96147817,3.6299176,0,0,0,0
2017,19,Iowa,IA,.34330204,.61248505,58000,.86879325,.023350876,.034283329,.052026045,.17012112,7.28929,.65168095,7.7883825,0,0,0,0
2017,20,Kansas,KS,.29829842,.61469287,56000,.77367836,.051986817,.037743706,.10812111,.12182289,7.7236695,.93370587,8.1355991,0,0,0,0
2017,21,Kentucky,KY,.4373447,.50475472,47200,.84896648,.076530293,.021367427,.031300105,.39877921,6.5646071,.99681443,8.8680563,0,0,0,1
2017,22,Louisiana,LA,.42494461,.48520505,45400,.65508866,.26832494,.022272542,.037260957,.28673035,6.6839824,1.4431083,6.2762403,0,0,0,0
2017,23,Maine,ME,.36952424,.55186552,55100,.92888308,.0083666937,.018457979,.019607708,.078558318,11.1385,1.0554627,11.82717,0,0,0,0
2017,24,Maryland,MD,.32186484,.61447674,80000,.51030034,.30331913,.079011232,.07392925,.074373618,8.7670937,1.5366372,1.5696831,0,0,0,0
2017,25,Massachusetts,MA,.37368056,.59810531,76600,.7368955,.063939646,.092909619,.080632165,.029413553,10.32826,1.3950806,1.8222055,0,0,0,0
2017,26,Michigan,MI,.38922626,.55722433,54000,.75809151,.11420564,.049937021,.048387453,.10449992,7.8295088,1.1975133,4.4367213,0,0,0,0
2017,27,Minnesota,MN,.33056414,.62307775,67000,.81531119,.042505912,.067239977,.042249508,.11652072,8.9445086,1.144065,2.6898081,0,0,0,0
2017,28,Mississippi,MS,.3918193,.47961429,42600,.59294254,.3569864,.010335959,.02139998,.26170945,5.2947288,.99862605,13.705975,0,0,0,0
2017,29,Missouri,MO,.32729444,.57914752,53000,.79589313,.1079658,.030224886,.04145987,.18365727,6.9926844,1.0534009,9.1927223,0,0,0,0
2017,30,Montana,MT,.38099825,.52773315,53400,.89112431,.0070230346,.0042659813,.044783488,.18015246,8.0152845,.87577927,10.947241,0,0,0,0
2017,31,Nebraska,NE,.28128523,.63334107,59000,.81888247,.048600052,.029185945,.084076256,.19450958,7.53616,1.0676661,9.4787912,0,0,0,0
2017,32,Nevada,NV,.34469065,.5415073,57000,.45006496,.077501282,.11629578,.31194654,.047621232,5.6570311,.83054292,1.7678223,0,0,0,0
2017,33,New Hampshire,NH,.32585689,.61694378,73200,.88578618,.015517583,.038394202,.046506062,.0285648,9.0780792,1.2585689,3.4256904,0,0,0,0
2017,34,New Jersey,NJ,.31700665,.60523713,79400,.54666358,.12247455,.14042707,.1666249,.042886138,8.4102812,1.368031,1.2769769,0,0,0,0
2017,35,New Mexico,NM,.49334985,.4119589,45900,.36632189,.016611056,.027738851,.50518852,.17822538,7.4662247,.97218961,6.8963203,0,0,0,1
2017,36,New York,NY,.39892226,.54258579,64500,.6015085,.12489332,.096059538,.14878683,.055361427,8.2057896,1.5753626,2.120971,0,0,1,0
2017,37,North Carolina,NC,.34676936,.54567736,52000,.64508098,.21665961,.043232132,.063555546,.1831546,7.0813818,1.1622226,2.9006896,0,0,0,0
2017,38,North Dakota,ND,.25692058,.66669667,62600,.86373293,.033335026,.017409422,.036465269,.40645465,7.6648846,.91343182,9.928607,0,0,0,0
2017,39,Ohio,OH,.37961432,.55879104,53400,.81381905,.093289115,.034530129,.029714188,.13988249,7.6218357,1.1141981,2.8648357,0,0,0,0
2017,40,Oklahoma,OK,.34850174,.50840628,49200,.67838043,.068931557,.031204235,.089432366,.20001535,6.1869349,.760647,4.477387,0,0,0,0
2017,41,Oregon,OR,.39676127,.53340876,60000,.74634993,.014888502,.069329642,.11836546,.043005977,9.4043217,1.2455417,5.7690787,0,0,1,1
2017,42,Pennsylvania,PA,.37129751,.57004893,58800,.7697646,.095596462,.050576035,.063395329,.11138971,8.0847836,1.1573119,2.5379646,0,0,0,0
2017,44,Rhode Island,RI,.3872149,.56787455,63400,.71893471,.054276895,.061247677,.12153572,.68036371,9.7202911,1.6515058,4.2467294,0,0,0,0
2017,45,South Carolina,SC,.3675361,.51794761,50000,.64270639,.27398589,.022193305,.038122971,.1497115,6.6754651,1.0807327,5.3738093,0,0,0,0
2017,46,South Dakota,SD,.30736399,.60047418,56400,.89081353,.0098226629,.019066945,.03749669,.40432671,7.566123,.88539737,12.76352,0,0,0,0
2017,47,Tennessee,TN,.36932355,.53316236,50000,.74243915,.1749322,.02516409,.037320703,.35031319,7.1649961,1.1852322,4.1095986,0,0,0,0
2017,48,Texas,TX,.2888197,.53240007,59000,.45086136,.1286926,.068109781,.3280749,.069708481,6.0905304,1.0849828,2.6709442,0,0,0,0
2017,49,Utah,UT,.21875387,.68824303,67500,.80062532,.0075223907,.044086553,.11181312,.024391076,5.7901249,.99618518,2.1277742,0,0,0,0
2017,50,Vermont,VT,.45141962,.50672889,55800,.91750902,.0069658365,.029163634,.035138775,.30736732,11.288257,1.5713766,10.422396,1,0,1,0
2017,51,Virginia,VA,.27850407,.63117421,71000,.6169886,.17829324,.087449357,.0792832,.33277637,7.5796752,1.2148732,2.0661108,0,0,0,0
2017,53,Washington,WA,.35804915,.58067232,70000,.6739192,.031601187,.13095264,.10298715,.066394769,8.4501991,.96951783,4.3749828,0,0,0,1
2017,54,West Virginia,WV,.4781588,.45943761,42300,.91500193,.034138903,.013480145,.015491274,.34686303,7.7704358,.91416889,18.834082,0,0,0,0
2017,55,Wisconsin,WI,.33034417,.61600077,58200,.82197797,.0504057,.039744627,.06146346,.057293698,7.8716478,.98007363,2.2258713,0,0,0,0
2017,56,Wyoming,WY,.28999767,.58676887,59600,.87145108,.012921621,.0091300653,.079865322,.12794691,6.783874,1.104753,6.3868532,0,0,0,0
2018,1,Alabama,AL,.37021926,.5231998,49100,.65990251,.28045061,.017351877,.022059126,.40096372,6.5237904,.99714857,5.564795,0,0,0,0
2018,2,Alaska,AK,.33169976,.54689342,71380,.6298613,.018017335,.083794504,.053458165,.31775221,9.2376785,1.0441073,4.7461619,0,0,0,0
2018,4,Arizona,AZ,.39254224,.49520612,58200,.53697002,.0468948,.059718497,.29773939,.014982576,6.6701775,.97526085,2.5238278,0,0,0,0
2018,5,Arkansas,AR,.44331804,.46731082,46200,.72553909,.14028384,.031366345,.072329052,.27669021,6.7082281,.81509155,7.5319567,0,0,0,0
2018,6,California,CA,.38497239,.54176921,74500,.35510221,.05407713,.19390558,.3535836,.019608535,7.9680967,1.1628557,3.4507127,0,0,1,1
2018,8,Colorado,CO,.32601002,.59476763,70080,.69838434,.03813133,.046029471,.18315321,.033444185,8.2561178,1.195873,3.9153278,0,0,0,1
2018,9,Connecticut,CT,.36095715,.58575183,75000,.67535126,.099729575,.069317639,.12744433,.047609687,8.3021488,1.8457298,3.3308468,0,0,0,0
2018,10,Delaware,DE,.40426669,.53743649,64400,.61264169,.22811963,.059770133,.075565718,0,7.2309155,.98508221,1.550915,0,1,1,0
2018,11,District of Columbia,DC,.36516646,.60106343,84000,.58763367,.22940084,.073003948,.070696235,0,11.815471,3.01302,5.5519571,0,0,1,1
2018,12,Florida,FL,.3693682,.4948405,55000,.49531782,.17412038,.038425252,.26227167,.16031398,7.2955542,1.0261813,2.6244962,0,0,0,0
2018,13,Georgia,GA,.3110677,.54578674,58000,.51419985,.33007106,.057695668,.072161525,.37419191,6.5813794,1.1731292,3.1750634,0,0,0,0
2018,15,Hawaii,HI,.34028375,.61794621,79000,.18194459,.015185989,.46308938,.11014008,.13625845,8.8298178,1.3783361,4.787077,0,0,1,1
2018,16,Idaho,ID,.32866398,.55885392,55000,.82059604,.0021569636,.024176791,.1185489,.20658538,6.6759367,.73616076,7.0117111,0,0,0,0
2018,17,Illinois,IL,.34159005,.58696097,63800,.63258755,.10607405,.076799981,.16175611,.089448988,8.0199566,1.2917603,4.8347549,1,0,1,0
2018,18,Indiana,IN,.33993641,.5731917,55000,.79853028,.081124447,.030133018,.064703517,.17499025,6.6258636,.96654153,3.9002504,0,0,0,0
2018,19,Iowa,IA,.35934028,.59046113,58500,.86145669,.022927895,.040403012,.057127945,.17266719,7.2924538,.65580487,7.9210558,0,0,0,0
2018,20,Kansas,KS,.3029775,.60807967,57400,.78490806,.039013077,.044390578,.093532488,.12830538,7.7901845,.92016327,8.3805456,0,0,0,0
2018,21,Kentucky,KY,.43456969,.5066632,50000,.8523407,.066477053,.024805404,.027279174,.40700889,6.5881529,1.0021318,11.033027,0,0,0,1
2018,22,Louisiana,LA,.44317979,.47116876,47000,.6414578,.2754212,.021525303,.032492481,.29921013,6.7343516,1.4474992,7.03866,0,0,0,0
2018,23,Maine,ME,.38145208,.54041308,55300,.94531965,.0025567922,.014682292,.015004518,.089175262,11.226555,1.0574056,11.580957,0,0,0,0
2018,24,Maryland,MD,.33383638,.60555416,82080,.50878102,.28966343,.079940565,.081613511,.075359672,8.7518167,1.5193865,1.6217867,1,1,1,1
2018,25,Massachusetts,MA,.37079614,.60138083,79000,.7218563,.061067775,.095465012,.086022355,.035296265,10.340993,1.387013,1.8544949,0,1,1,0
2018,26,Michigan,MI,.39320192,.55072838,55500,.7544052,.1137176,.047636788,.053858638,.10216118,7.7908955,1.1951954,4.3817902,0,0,0,0
2018,27,Minnesota,MN,.33519444,.62035483,68200,.82084185,.042150188,.064607345,.041032892,.11367514,8.9360962,1.1505376,2.7801645,0,0,0,0
2018,28,Mississippi,MS,.38670129,.48245054,44100,.57632303,.37581557,.011792628,.020556696,.26582694,5.301722,.99466109,14.230562,0,0,0,0
2018,29,Missouri,MO,.32917911,.5743556,54000,.79335177,.10938487,.031945035,.037792776,.18301818,7.0013146,1.0531873,9.1896582,0,0,0,0
2018,30,Montana,MT,.40477169,.51386279,54000,.86383742,.0042238552,.0079481145,.054328769,.16708793,8.0862179,.895733,11.67273,0,0,0,0
2018,31,Nebraska,NE,.29320863,.62157458,59000,.78854561,.056038532,.036462251,.091071427,.19538431,7.6195364,1.0602375,9.43363,0,0,0,0
2018,32,Nevada,NV,.35013273,.53419071,58000,.45989773,.082673065,.10551021,.29671115,.043178521,5.6626391,.82992023,1.8455098,0,1,1,0
2018,33,New Hampshire,NH,.33022168,.6160571,73200,.89720237,.013004799,.039049514,.032178391,.028468059,9.0416718,1.2422466,3.5386279,0,0,0,0
2018,34,New Jersey,NJ,.31531578,.60940999,80320,.54874301,.12334751,.13691066,.16864887,.04222057,8.3803577,1.3535247,1.3245747,0,0,0,0
2018,35,New Mexico,NM,.49508262,.40886587,45200,.38121787,.021872165,.019826803,.49342132,.18653429,7.4864683,.95756876,7.2061648,0,0,0,1
2018,36,New York,NY,.402998,.54298711,67000,.5902397,.1330086,.098951682,.14804883,.058808271,8.1943378,1.5643281,2.3948162,0,0,1,0
2018,37,North Carolina,NC,.34837303,.54324168,53000,.63933903,.21818441,.044856161,.06297937,.19448934,7.116003,1.1596402,2.9854712,0,0,0,0
2018,38,North Dakota,ND,.26936087,.65447974,62000,.86488777,.005699968,.034868632,.034918543,.41612986,7.6341734,.92173982,9.9989872,0,0,0,0
2018,39,Ohio,OH,.37923297,.5533163,55000,.80806619,.096227668,.035385448,.032774884,.14235879,7.649004,1.1050602,3.3021252,0,0,0,0
2018,40,Oklahoma,OK,.34508362,.51355529,51000,.66532898,.068067409,.034987193,.099247508,.20747565,6.1477218,.75287372,4.8692913,0,0,0,0
2018,41,Oregon,OR,.39415154,.53185582,62700,.75550818,.011111067,.070090145,.11742043,.043763038,9.4756546,1.2464037,6.2280569,0,0,1,1
2018,42,Pennsylvania,PA,.37599543,.56412315,60000,.77577633,.084284626,.049965974,.065959565,.12572704,8.1007729,1.1599976,2.6860185,0,0,0,0
2018,44,Rhode Island,RI,.39042386,.56798685,65000,.71709102,.057935663,.047362402,.13617167,.80814397,9.7886801,1.6314282,4.2560639,0,0,1,0
2018,45,South Carolina,SC,.37547901,.51624477,51000,.66353762,.25233451,.020920275,.044298563,.15386339,6.6954937,1.0614717,5.3893223,0,0,0,0
2018,46,South Dakota,SD,.3065249,.59927231,52900,.83458441,.031455703,.039619438,.041858029,.41664818,7.5433855,.89688098,12.241636,0,0,0,0
2018,47,Tennessee,TN,.3726182,.52182996,52000,.74790311,.16327274,.025990428,.036360759,.35262704,7.1566,1.1809617,4.254056,0,0,0,1
2018,48,Texas,TX,.28978044,.5284366,60000,.44072947,.12764838,.07364817,.33516172,.069669619,6.1379175,1.0809442,2.7071431,0,0,0,0
2018,49,Utah,UT,.21387742,.69337177,70000,.79473871,.010301129,.037838243,.12168848,.016410664,5.816915,.99229026,2.1195121,0,0,0,1
2018,50,Vermont,VT,.41026092,.54945642,59000,.90817809,.012723174,.043935113,.022090644,.31545091,11.376617,1.5469997,10.218761,1,0,1,0
2018,51,Virginia,VA,.28428945,.62745684,72000,.61425787,.17233454,.087500691,.084567167,.3375212,7.6074357,1.202774,2.1602113,0,0,0,0
2018,53,Washington,WA,.36094463,.57327539,73200,.66458213,.032944046,.13199987,.10052392,.066643551,8.4783602,.96275479,4.3659482,0,0,1,1
2018,54,West Virginia,WV,.47342223,.46004832,44100,.91806215,.038045708,.0078773778,.022542767,.3598333,7.785243,.90836543,20.267666,0,0,0,0
2018,55,Wisconsin,WI,.33285755,.60916567,60000,.82085055,.049710087,.041708227,.06431213,.059348837,7.7992182,.96758032,2.5801711,0,0,0,0
2018,56,Wyoming,WY,.27438089,.61691564,61000,.86270022,.0027336874,.0036639997,.09844137,.12849225,6.8013291,1.1279284,6.9235654,0,0,0,0
2019,1,Alabama,AL,.37107369,.52794456,51000,.63243264,.29276931,.016290931,.036044333,.43661731,6.5651927,.98706543,5.7837062,0,0,0,0
2019,2,Alaska,AK,.34130916,.5438695,72000,.61923951,.038342711,.10828527,.056351099,.3509872,9.3782415,1.060903,4.8991861,0,0,0,0
2019,4,Arizona,AZ,.38362572,.49924099,61000,.52776968,.050739367,.050748173,.3189896,.016956925,6.6943731,.97706991,2.6418171,0,0,0,0
2019,5,Arkansas,AR,.43822527,.46573535,48600,.7212218,.15273787,.024725115,.074982405,.2711727,6.7592854,.811351,7.9734836,0,0,0,0
2019,6,California,CA,.37922329,.54124022,80000,.35667524,.051373512,.19030929,.35607618,.021212427,8.0086126,1.1579343,3.6047993,0,0,1,1
2019,8,Colorado,CO,.31437263,.60499251,76500,.70835185,.031806596,.041911274,.17676462,.030130573,8.3119984,1.1914936,4.0602598,0,0,1,1
2019,9,Connecticut,CT,.37272426,.56858623,78000,.65221703,.10542388,.067973875,.14739829,.047847286,8.2853251,1.8381544,3.5006955,0,1,1,0
2019,10,Delaware,DE,.39112249,.53720921,69800,.59220427,.24620689,.060646005,.072431251,0,7.2784238,.99297142,1.6458404,0,1,1,0
2019,11,District of Columbia,DC,.3453494,.61792368,93200,.55899489,.25929013,.07059066,.076471895,0,11.886951,3.0143912,5.4756856,0,1,1,1
2019,12,Florida,FL,.36805642,.49623197,58500,.50149047,.17278616,.037082799,.25723213,.16402873,7.3400073,1.0311279,2.7340586,0,0,0,0
2019,13,Georgia,GA,.31347832,.54664665,61000,.5188219,.33512819,.053382479,.068850324,.38310474,6.6177859,1.170733,3.3295746,0,0,0,0
2019,15,Hawaii,HI,.35418808,.60389358,83000,.17219694,.018222118,.47397009,.10231101,.15896191,8.9033012,1.3626637,5.0462513,0,0,1,1
2019,16,Idaho,ID,.32193401,.57349956,60000,.81915742,.005702117,.01827386,.12617977,.21916331,6.7587595,.72098607,7.2298751,0,0,0,1
2019,17,Illinois,IL,.34018126,.58559632,68400,.6119765,.11474071,.076332413,.1698789,.091744483,8.0403957,1.2891939,5.0062556,1,0,1,0
2019,18,Indiana,IN,.34284016,.56736392,57020,.78670436,.080004826,.038026225,.068958014,.18215762,6.6323767,.97160488,4.2112141,0,0,0,0
2019,19,Iowa,IA,.36718678,.58412141,61000,.85979897,.038049091,.029847108,.059281584,.17521326,7.2956181,.6599288,8.1515121,0,0,0,0
2019,20,Kansas,KS,.30636245,.599325,60100,.77090544,.037853189,.042287242,.11153579,.13478786,7.856699,.90662062,8.5471869,0,0,0,0
2019,21,Kentucky,KY,.43000776,.50284767,52000,.85450697,.066208318,.026491854,.032384347,.41523859,6.6116986,1.0074492,12.000562,0,0,0,1
2019,22,Louisiana,LA,.44566914,.45925501,50000,.6164003,.30695799,.017009515,.037797052,.31168994,6.7847209,1.45189,7.4874306,0,0,0,0
2019,23,Maine,ME,.40345123,.51578248,57100,.90475231,.01320938,.018128209,.034147356,.099792205,11.314609,1.0593486,11.906132,0,0,1,0
2019,24,Maryland,MD,.34025651,.59930295,85400,.50239712,.30760527,.074189134,.079072565,.076345734,8.7365398,1.502136,1.6739998,1,1,1,1
2019,25,Massachusetts,MA,.36357853,.60551065,85000,.71149725,.064611107,.09747421,.09253414,.041178975,10.353725,1.3789452,1.9303595,0,1,1,0
2019,26,Michigan,MI,.38957903,.55086231,59200,.74759579,.1157453,.050186597,.056033846,.099822447,7.7522821,1.1928775,4.5505385,0,0,0,0
2019,27,Minnesota,MN,.3301008,.62078995,74600,.80602324,.048099138,.060581326,.049510859,.11082956,8.9276848,1.1570102,2.8221443,0,0,0,0
2019,28,Mississippi,MS,.39479712,.4686217,45000,.58044553,.36486176,.011970317,.024629757,.26994443,5.3087153,.99069619,14.675977,0,0,0,0
2019,29,Missouri,MO,.32627919,.56956887,57000,.78916341,.1100271,.033216693,.039886232,.1823791,7.0099449,1.0529736,9.3097744,0,0,0,0
2019,30,Montana,MT,.41112188,.50512362,56000,.89359695,.016357368,.013444046,.031814903,.15402339,8.1571512,.91568679,11.943462,0,0,0,0
2019,31,Nebraska,NE,.28465503,.63385749,62000,.79204178,.045322485,.031195998,.10726548,.19625904,7.7029123,1.052809,9.6406097,0,0,0,0
2019,32,Nevada,NV,.33637583,.54521817,62000,.44617596,.092033856,.10521118,.30295134,.038735814,5.6682467,.8292976,1.9235373,0,1,1,0
2019,33,New Hampshire,NH,.32590455,.6092692,76400,.8891964,.011864294,.041434787,.036880389,.028371321,9.0052652,1.2259244,3.6362426,0,0,1,1
2019,34,New Jersey,NJ,.32076505,.59875625,85000,.54259652,.1221175,.13393673,.17478456,.041555006,8.3504343,1.3390182,1.3855253,0,0,0,0
2019,35,New Mexico,NM,.49374509,.40474832,52500,.36606389,.018262576,.033697672,.49350101,.19484319,7.506712,.94294792,7.4961562,1,0,1,1
2019,36,New York,NY,.40013137,.5460462,71600,.58461177,.13105315,.097968102,.15555972,.062255114,8.1828861,1.5532935,2.6151094,0,0,1,0
2019,37,North Carolina,NC,.3485854,.53691465,56500,.6384449,.20966148,.044504717,.0710411,.20582409,7.1506248,1.1570578,3.0660443,0,0,0,0
2019,38,North Dakota,ND,.28029346,.64635688,61500,.85651439,.023640146,.030427029,.046041813,.42580509,7.6034622,.93004781,9.9741096,0,0,0,0
2019,39,Ohio,OH,.3757652,.55540866,58000,.80454636,.093810476,.036582291,.037662134,.1448351,7.6761723,1.0959224,3.5738409,0,0,0,0
2019,40,Oklahoma,OK,.34100831,.50631404,54700,.66811126,.064971246,.030650102,.092324063,.21493594,6.1085086,.74510044,5.2089958,0,0,0,0
2019,41,Oregon,OR,.38629839,.5406276,66200,.72676539,.017244428,.07042712,.13083017,.044520102,9.5469885,1.2472657,6.5351758,1,1,1,1
2019,42,Pennsylvania,PA,.38130045,.55787301,63000,.76850677,.094546087,.045816723,.065806948,.14006436,8.1167631,1.1626832,2.7850387,0,0,0,0
2019,44,Rhode Island,RI,.36592627,.59191155,70500,.74190992,.057075851,.052705318,.12055522,.93592429,9.85707,1.6113507,4.410007,0,0,1,0
2019,45,South Carolina,SC,.37225685,.51749289,55800,.64652181,.26464453,.021131616,.043265294,.15801527,6.7155223,1.0422107,5.3349042,0,0,0,0
2019,46,South Dakota,SD,.31254303,.59018105,58800,.87162894,.0098004453,.02379686,.041250516,.42896968,7.5206485,.90836453,12.181961,0,0,0,0
2019,47,Tennessee,TN,.36261383,.53164905,55000,.74559265,.17035913,.027120251,.033871792,.35494089,7.1482034,1.1766914,4.4364433,0,0,0,1
2019,48,Texas,TX,.28334162,.52797973,63300,.43105716,.13400149,.071468867,.33708489,.069630757,6.1853046,1.0769056,2.7662776,0,0,0,0
2019,49,Utah,UT,.20470574,.69706935,74900,.785173,.0086621651,.048396643,.12288354,.0084302537,5.8437052,.98839539,2.1925821,0,0,0,1
2019,50,Vermont,VT,.42790338,.52888274,61600,.91036987,.0086533567,.025521746,.019314518,.32353449,11.464977,1.5226228,10.484214,1,0,1,0
2019,51,Virginia,VA,.30624184,.61231577,75500,.61238557,.17522244,.090416089,.085303865,.34226605,7.6351957,1.1906749,2.202626,0,0,0,0
2019,53,Washington,WA,.35347193,.58033395,78200,.65739137,.033937879,.13516676,.11162117,.066892326,8.5065203,.95599174,4.4870634,1,1,1,1
2019,54,West Virginia,WV,.47745246,.45221904,48130,.91583306,.026869042,.017346403,.01501045,.37280357,7.8000503,.90256196,21.606531,0,0,0,1
2019,55,Wisconsin,WI,.33175009,.60870916,64000,.82367402,.048830099,.0432963,.059277341,.061403975,7.726788,.95508701,2.7337024,0,0,0,0
2019,56,Wyoming,WY,.29605761,.58031756,64010,.86709374,.001287376,.0070345905,.10064522,.1290376,6.8187842,1.1511039,7.2100577,0,0,0,0
